3;Плиты перекрытия;ПТМ24.12.22-10.0 S500-6а(плиты пустотного настила);../img/plityperecryt-1.jpg
3;Плиты перекрытия;ПТМ24.12.22-13.0 S500-6а(плиты пустотного настила);../img/plityperecryt-1.jpg
3;Плиты перекрытия;ПТМ24.12.22-13.0 S500-7а(плиты пустотного настила);../img/plityperecryt-1.jpg
3;Плиты перекрытия;ПТМ24.12.22-7.0 S500-6а(плиты пустотного настила);../img/plityperecryt-1.jpg
3;Плиты перекрытия;ПТМ24.15.22-10.0 S500-6а(плиты пустотного настила);../img/plityperecryt-1.jpg
3;Плиты перекрытия;ПТМ24.15.22-12.0 S500-6а(плиты пустотного настила);../img/plityperecryt-1.jpg
3;Плиты перекрытия;ПТМ24.15.22-13.0 S500-6а(плиты пустотного настила);../img/plityperecryt-1.jpg
3;Плиты перекрытия;ПТМ24.15.22-7.0 S500-6а(плиты пустотного настила);../img/plityperecryt-1.jpg
3;Плиты перекрытия;ПТМ27.12.22-10.0 S500-6а(плиты пустотного настила);../img/plityperecryt-1.jpg
3;Плиты перекрытия;ПТМ27.12.22-11.0 S500-7а(плиты пустотного настила);../img/plityperecryt-1.jpg
3;Плиты перекрытия;ПТМ27.12.22-13,0S500-7а(плиты пустотного настила);../img/plityperecryt-1.jpg
3;Плиты перекрытия;ПТМ27.12.22-13.0 S500-7а дл.2550(плиты пустотного настила);../img/plityperecryt-1.jpg
3;Плиты перекрытия;ПТМ27.12.22-6.0 S500-6а(плиты пустотного настила);../img/plityperecryt-1.jpg
3;Плиты перекрытия;ПТМ27.12.22-8.0 S500-6а F150 W6(плиты пустотного настила);../img/plityperecryt-1.jpg
3;Плиты перекрытия;ПТМ27.12.22-8.0 S500-6а(плиты пустотного настила);../img/plityperecryt-1.jpg
3;Плиты перекрытия;ПТМ27.15.22-11.0 S500-7а(плиты пустотного настила);../img/plityperecryt-1.jpg
3;Плиты перекрытия;ПТМ27.15.22-13.0 S500-7а дл.2550(плиты пустотного настила);../img/plityperecryt-1.jpg
3;Плиты перекрытия;ПТМ27.15.22-13.0 S500-7а(плиты пустотного настила);../img/plityperecryt-1.jpg
3;Плиты перекрытия;ПТМ27.15.22-6.0 S500-6а(плиты пустотного настила);../img/plityperecryt-1.jpg
3;Плиты перекрытия;ПТМ27.15.22-8,0 S500-6а(плиты пустотного настила);../img/plityperecryt-1.jpg
3;Плиты перекрытия;ПТМ27.15.22-9,0 S500-6а(плиты пустотного настила);../img/plityperecryt-1.jpg
3;Плиты перекрытия;ПТМ28.12.22-10,0 S500-6а(плиты пустотного настил);../img/plityperecryt-1.jpg
3;Плиты перекрытия;ПТМ28.12.22-11,0 S500-7а(плиты пустотного настила);../img/plityperecryt-1.jpg
3;Плиты перекрытия;ПТМ28.12.22-6,0 S500-6а(плиты пустотного настила);../img/plityperecryt-1.jpg
3;Плиты перекрытия;ПТМ28.12.22-8,0S500-6а(плита пустотного настила);../img/plityperecryt-1.jpg
3;Плиты перекрытия;ПТМ28.15.22-11,0S500-7а(плита пустотного настила);../img/plityperecryt-1.jpg
3;Плиты перекрытия;ПТМ28.15.22-8,0 S500-6а(плиты пустотного настила);../img/plityperecryt-1.jpg
3;Плиты перекрытия;ПТМ30.12.22-12,0 S500-7а(плиты пустотного настила);../img/plityperecryt-1.jpg
3;Плиты перекрытия;ПТМ30.12.22-13,0 S500-7а С30 F200(плиты пустотного настила);../img/plityperecryt-1.jpg
3;Плиты перекрытия;ПТМ30.12.22-13,0 S500-7а(плиты пустотного настила);../img/plityperecryt-1.jpg
3;Плиты перекрытия;ПТМ30.12.22-7,0 S500-6а(плиты пустотного настила);../img/plityperecryt-1.jpg
3;Плиты перекрытия;ПТМ30.12.22-8,0 S500-6а(плиты пустотного настила);../img/plityperecryt-1.jpg
3;Плиты перекрытия;ПТМ30.12.22-9,0 S500-7а L2850 (плиты пустотного настила);../img/plityperecryt-1.jpg
3;Плиты перекрытия;ПТМ30.12.22-9,0 S500-7а(плиты пустотного настила);../img/plityperecryt-1.jpg
3;Плиты перекрытия;ПТМ30.15.22-11,0 S500-7а(плиты пустотного настила);../img/plityperecryt-1.jpg
3;Плиты перекрытия;ПТМ30.15.22-13,0 S500-7а(плиты пустотного настила);../img/plityperecryt-1.jpg
3;Плиты перекрытия;ПТМ30.15.22-4,0 S500-6а(плиты пустотного настила);../img/plityperecryt-1.jpg
3;Плиты перекрытия;ПТМ30.15.22-4,0 S500-6а(плиты пустотного настила);../img/plityperecryt-1.jpg
3;Плиты перекрытия;ПТМ30.15.22-6,0 S500-6а(плиты пустотного настила);../img/plityperecryt-1.jpg
3;Плиты перекрытия;ПТМ30.15.22-7,0 S500-6а(плиты пустотного настила);../img/plityperecryt-1.jpg
3;Плиты перекрытия;ПТМ30.15.22-9,0 S500-7а L2850 (плиты пустотного настила);../img/plityperecryt-1.jpg
3;Плиты перекрытия;ПТМ30.15.22-9,0 S500-7а(плиты пустотного настила);../img/plityperecryt-1.jpg
3;Плиты перекрытия;ПТМ33.12.22-11,0 S500-7а(плиты пустотного настила);../img/plityperecryt-1.jpg
3;Плиты перекрытия;ПТМ33.12.22-12,0 S500-8а(плиты пустотного настила);../img/plityperecryt-1.jpg
3;Плиты перекрытия;ПТМ33.12.22-13,0 S500-7а F150 W6(плиты пустотного настила);../img/plityperecryt-1.jpg
3;Плиты перекрытия;ПТМ33.12.22-13,0 S500-7а(плиты пустотного настила);../img/plityperecryt-1.jpg
3;Плиты перекрытия;ПТМ33.12.22-13.0 S500-7а дл.3040(плиты пустотного настила);../img/plityperecryt-1.jpg
3;Плиты перекрытия;ПТМ33.12.22-5,0S500-6а(плиты пустотного настила);../img/plityperecryt-1.jpg
3;Плиты перекрытия;ПТМ33.12.22-6,0 S500-7а(плиты пустотного настила);../img/plityperecryt-1.jpg
3;Плиты перекрытия;ПТМ33.12.22-9,0 S500-7а F150 W6(плиты пустотного настила);../img/plityperecryt-1.jpg
3;Плиты перекрытия;ПТМ33.12.22-9,0 S500-7а(плиты пустотного настила);../img/plityperecryt-1.jpg
3;Плиты перекрытия;ПТМ33.15.22-10,0 S500-7а(плиты пустотного настила);../img/plityperecryt-1.jpg
3;Плиты перекрытия;ПТМ33.15.22-12,0 S500-8а(плиты пустотного настила);../img/plityperecryt-1.jpg
3;Плиты перекрытия;ПТМ33.15.22-13,0 S500-8а(плиты пустотного настила);../img/plityperecryt-1.jpg
3;Плиты перекрытия;ПТМ33.15.22-4,0 S500-6а(плиты пустотного настила);../img/plityperecryt-1.jpg
3;Плиты перекрытия;ПТМ33.15.22-6,0 S500-7а(плиты пустотного настила);../img/plityperecryt-1.jpg
3;Плиты перекрытия;ПТМ33.15.22-8,0 S500-7а(плиты пустотного настила);../img/plityperecryt-1.jpg
3;Плиты перекрытия;ПТМ36.12.22-11,0 S500-7а(плиты пустотного настила);../img/plityperecryt-1.jpg
3;Плиты перекрытия;ПТМ36.12.22-13,0 S500-8а(плиты пустотного настила);../img/plityperecryt-1.jpg
3;Плиты перекрытия;ПТМ36.12.22-13.0 S500-8а дл.3340(плиты пустотного настила);../img/plityperecryt-1.jpg
3;Плиты перекрытия;ПТМ36.12.22-7,0 S500-7а(плиты пустотного настила);../img/plityperecryt-1.jpg
3;Плиты перекрытия;ПТМ36.12.22-9,0 S500-7а(плиты пустотного настила);../img/plityperecryt-1.jpg
3;Плиты перекрытия;ПТМ36.12.22-9,0 S500-8а(плиты пустотного настила);../img/plityperecryt-1.jpg
3;Плиты перекрытия;ПТМ36.15.22-10 S500-7а/плиты пустотные/;../img/plityperecryt-1.jpg
3;Плиты перекрытия;ПТМ36.15.22-12,0 S500-8а(плиты пустотного настила);../img/plityperecryt-1.jpg
3;Плиты перекрытия;ПТМ36.15.22-13 S500-8а/плиты пустотные/;../img/plityperecryt-1.jpg
3;Плиты перекрытия;ПТМ36.15.22-13.0 S500-8а дл.3340(плиты пустотного настила);../img/plityperecryt-1.jpg
3;Плиты перекрытия;ПТМ36.15.22-5,0S500-7а(плиты пустотного настила);../img/plityperecryt-1.jpg
3;Плиты перекрытия;ПТМ36.15.22-6,0 S500-7а(плиты пустотного настила);../img/plityperecryt-1.jpg
3;Плиты перекрытия;ПТМ36.15.22-8,0 S500-7а(плиты пустотного настила);../img/plityperecryt-1.jpg
3;Плиты перекрытия;ПТМ36.15.22-9,0 S500-8а(плиты пустотного настила);../img/plityperecryt-1.jpg
3;Плиты перекрытия;ПТМ42.12.22-10,0 S500-8а(плиты пустотного настила);../img/plityperecryt-1.jpg
3;Плиты перекрытия;ПТМ42.12.22-10,0 S500-9а(плиты пустотного настила);../img/plityperecryt-1.jpg
3;Плиты перекрытия;ПТМ42.12.22-13,0 S500-9а(плиты пустотного настила);../img/plityperecryt-1.jpg
3;Плиты перекрытия;ПТМ42.12.22-5,0 S500-8а(плиты пустотного настила);../img/plityperecryt-1.jpg
3;Плиты перекрытия;ПТМ42.12.22-7,0 S500-7а(плиты пустотного настила);../img/plityperecryt-1.jpg
3;Плиты перекрытия;ПТМ42.12.22-7,0 S500-8а(плиты пустотного настила);../img/plityperecryt-1.jpg
3;Плиты перекрытия;ПТМ42.12.22-9,0 S500-9а(плиты пустотного настила);../img/plityperecryt-1.jpg
3;Плиты перекрытия;ПТМ42.12.22-9,0 S500-9а* Л-3880м (плиты пустотного настила);../img/plityperecryt-1.jpg
3;Плиты перекрытия;ПТМ42.15.22-10,0 S500-8а(плиты пустотного настила);../img/plityperecryt-1.jpg
3;Плиты перекрытия;ПТМ42.15.22-10,0 S500-9а L3770(плиты пустотного настила);../img/plityperecryt-1.jpg
3;Плиты перекрытия;ПТМ42.15.22-10,0 S500-9а(плиты пустотного настила);../img/plityperecryt-1.jpg
3;Плиты перекрытия;ПТМ42.15.22-12,0 S500-9а(плиты пустотного настила);../img/plityperecryt-1.jpg
3;Плиты перекрытия;ПТМ42.15.22-13,0S500-9а(плиты пустотного настила);../img/plityperecryt-1.jpg
3;Плиты перекрытия;ПТМ42.15.22-6,0 S500-7а(плиты пустотного настила);../img/plityperecryt-1.jpg
3;Плиты перекрытия;ПТМ42.15.22-6,0S500-8а(плиты пустотного настила);../img/plityperecryt-1.jpg
3;Плиты перекрытия;ПТМ42.15.22-7,0 S500 L3880(плиты пустотного настила);../img/plityperecryt-1.jpg
3;Плиты перекрытия;ПТМ42.15.22-7,0 S500-8а(плиты пустотного настила);../img/plityperecryt-1.jpg
3;Плиты перекрытия;ПТМ42.15.22-9,0 S500-8а(плиты пустотного настила);../img/plityperecryt-1.jpg
3;Плиты перекрытия;ПТМ42.15.22-9,0 S500-9а (l3770)(плиты пустотного настила);../img/plityperecryt-1.jpg
3;Плиты перекрытия;ПТМ42.15.22-9,0 S500-9а(плиты пустотного настила);../img/plityperecryt-1.jpg
3;Плиты перекрытия;ПТМ48.12.22-10,0 S500-9а(плиты пустотного настила);../img/plityperecryt-1.jpg
3;Плиты перекрытия;ПТМ48.12.22-13,0 S800-2а(плиты пустотного настила);../img/plityperecryt-1.jpg
3;Плиты перекрытия;ПТМ48.12.22-6,0 S500-9а(плиты пустотного настила);../img/plityperecryt-1.jpg
3;Плиты перекрытия;ПТМ48.12.22-7,0 S500-8а(плиты пустотного настила);../img/plityperecryt-1.jpg
3;Плиты перекрытия;ПТМ48.12.22-8,0 S500-9а(плиты пустотного настила);../img/plityperecryt-1.jpg
3;Плиты перекрытия;ПТМ48.12.22-9,0S800-2а(плиты пустотного настила);../img/plityperecryt-1.jpg
3;Плиты перекрытия;ПТМ48.15.22-10,0 S500-9а(плиты пустотного настила);../img/plityperecryt-1.jpg
3;Плиты перекрытия;ПТМ48.15.22-10,0 S800-2а(плиты пустотного настила);../img/plityperecryt-1.jpg
3;Плиты перекрытия;ПТМ48.15.22-13,0 S800-2а(плиты пустотного настила);../img/plityperecryt-1.jpg
3;Плиты перекрытия;ПТМ48.15.22-5,0 S800-9а(плиты пустотного настила);../img/plityperecryt-1.jpg
3;Плиты перекрытия;ПТМ48.15.22-6,0 S500-8а(плиты пустотного настила);../img/plityperecryt-1.jpg
3;Плиты перекрытия;ПТМ48.15.22-6.0 S800-9а(плиты пустотного настила);../img/plityperecryt-1.jpg
3;Плиты перекрытия;ПТМ48.15.22-8,0 S500-9а(плиты пустотного настила);../img/plityperecryt-1.jpg
3;Плиты перекрытия;ПТМ51.12.22-11,0 S800-2а(плиты пустотного настила);../img/plityperecryt-1.jpg
3;Плиты перекрытия;ПТМ51.12.22-11.0 S800-2а дл.5040(плиты пустотного настила);../img/plityperecryt-1.jpg
3;Плиты перекрытия;ПТМ51.12.22-11.0 S800-2а дл.5080(плиты пустотного настила);../img/plityperecryt-1.jpg
3;Плиты перекрытия;ПТМ51.12.22-13,0 S800-2а(плиты пустотного настила);../img/plityperecryt-1.jpg
3;Плиты перекрытия;ПТМ51.12.22-7,0S800-2а(плиты пустотного настила);../img/plityperecryt-1.jpg
3;Плиты перекрытия;ПТМ51.15.22-11,0S800-2а(плиты пустотного настила);../img/plityperecryt-1.jpg
3;Плиты перекрытия;ПТМ51.15.22-12,0S800-3а(плиты пустотного настила);../img/plityperecryt-1.jpg
3;Плиты перекрытия;ПТМ51.15.22-13,0 S800-2а(плиты пустотного настила);../img/plityperecryt-1.jpg
3;Плиты перекрытия;ПТМ51.15.22-8,0 S800-2а(плиты пустотного настила);../img/plityperecryt-1.jpg
3;Плиты перекрытия;ПТМ51.15.22-8.0 S800-2а дл.5040(плиты пустотного настила);../img/plityperecryt-1.jpg
3;Плиты перекрытия;ПТМ51.15.22-8.0 S800-2а дл.5080(плиты пустотного настила);../img/plityperecryt-1.jpg
3;Плиты перекрытия;ПТМ54.12.22-10,0 S800-3а(плиты пустотного настила);../img/plityperecryt-1.jpg
3;Плиты перекрытия;ПТМ54.12.22-10.0 S800-3а дл.5250(плиты пустотного настила);../img/plityperecryt-1.jpg
3;Плиты перекрытия;ПТМ54.12.22-13,0 S800-2а(плиты пустотного настила);../img/plityperecryt-1.jpg
3;Плиты перекрытия;ПТМ54.12.22-6,0 S800-2а(плиты пустотного настила);../img/plityperecryt-1.jpg
3;Плиты перекрытия;ПТМ54.12.22-9,0 S800-2а(плиты пустотного настила);../img/plityperecryt-1.jpg
3;Плиты перекрытия;ПТМ54.12.22-9.0 S800-2а дл.5190(плиты пустотного настила);../img/plityperecryt-1.jpg
3;Плиты перекрытия;ПТМ54.12.22-9.0 S800-2а дл.5250(плиты пустотного настила);../img/plityperecryt-1.jpg
3;Плиты перекрытия;ПТМ54.15.22-10,0 S800-3а(плиты пустотного настила);../img/plityperecryt-1.jpg
3;Плиты перекрытия;ПТМ54.15.22-10.0 S800-3а дл.5250(плиты пустотного настила);../img/plityperecryt-1.jpg
3;Плиты перекрытия;ПТМ54.15.22-12,0 S800-2а(плиты пустотного настила);../img/plityperecryt-1.jpg
3;Плиты перекрытия;ПТМ54.15.22-13,0 S800-3a(плиты пустотного настила);../img/plityperecryt-1.jpg
3;Плиты перекрытия;ПТМ54.15.22-7,0 S800-2а(плиты пустотного настила);../img/plityperecryt-1.jpg
3;Плиты перекрытия;ПТМ54.15.22-9,0 S800-2а(плиты пустотного настила);../img/plityperecryt-1.jpg
3;Плиты перекрытия;ПТМ54.15.22-9.0 S800-2а дл.5190(плиты пустотного настила);../img/plityperecryt-1.jpg
3;Плиты перекрытия;ПТМ54.15.22-9.0 S800-2а дл.5250(плиты пустотного настила);../img/plityperecryt-1.jpg
3;Плиты перекрытия;ПТМ57.12.22-11.0 S800-2а дл.5470(плиты пустотного настила);../img/plityperecryt-1.jpg
3;Плиты перекрытия;ПТМ57.12.22-11.0 S800-2а дл.5680(плиты пустотного настила);../img/plityperecryt-1.jpg
3;Плиты перекрытия;ПТМ57.12.22-11.0 S800-2а(плиты пустотного настила);../img/plityperecryt-1.jpg
3;Плиты перекрытия;ПТМ57.12.22-13,0 S800-2а(плиты пустотного настила);../img/plityperecryt-1.jpg
3;Плиты перекрытия;ПТМ57.12.22-13.0 S800-2а дл.5680(плиты пустотного настила);../img/plityperecryt-1.jpg
3;Плиты перекрытия;ПТМ57.12.22-5,0 S800-2а(плиты пустотного настила);../img/plityperecryt-1.jpg
3;Плиты перекрытия;ПТМ57.12.22-8,0 S800-2а(плиты пустотного настила);../img/plityperecryt-1.jpg
3;Плиты перекрытия;ПТМ57.12.22-8,0 S800-3а(плиты пустотного настила);../img/plityperecryt-1.jpg
3;Плиты перекрытия;ПТМ57.12.22-8.0 S800-2а дл.5470(плиты пустотного настила);../img/plityperecryt-1.jpg
3;Плиты перекрытия;ПТМ57.12.22-8.0 S800-2а дл.5570(плиты пустотного настила);../img/plityperecryt-1.jpg
3;Плиты перекрытия;ПТМ57.12.22-8.0 S800-2а дл.5680(плиты пустотного настила);../img/plityperecryt-1.jpg
3;Плиты перекрытия;ПТМ57.15.22-10.0 S800-2а дл.5680(плиты пустотного настила);../img/plityperecryt-1.jpg
3;Плиты перекрытия;ПТМ57.15.22-10.0 S800-2а(плиты пустотного настила);../img/plityperecryt-1.jpg
3;Плиты перекрытия;ПТМ57.15.22-12,0 S800-3а(плиты пустотного настила);../img/plityperecryt-1.jpg
3;Плиты перекрытия;ПТМ57.15.22-13,0 S800-2а(плиты пустотного настила);../img/plityperecryt-1.jpg
3;Плиты перекрытия;ПТМ57.15.22-13.0 S800-2а дл.5680(плиты пустотного настила);../img/plityperecryt-1.jpg
3;Плиты перекрытия;ПТМ57.15.22-5,0 S800-2а(плиты пустотного настила);../img/plityperecryt-1.jpg
3;Плиты перекрытия;ПТМ57.15.22-5.0 S800-2а дл.5680(плиты пустотного настила);../img/plityperecryt-1.jpg
3;Плиты перекрытия;ПТМ57.15.22-8,0 S800-2а(плиты пустотного настила);../img/plityperecryt-1.jpg
3;Плиты перекрытия;ПТМ57.15.22-8.0 S800-2а дл.5570(плиты пустотного настила);../img/plityperecryt-1.jpg
3;Плиты перекрытия;ПТМ57.15.22-8.0 S800-2а дл.5680(плиты пустотного настила);../img/plityperecryt-1.jpg
3;Плиты перекрытия;ПТМ57.15.22-9,0 S800-3а(плиты пустотного настила);../img/plityperecryt-1.jpg
3;Плиты перекрытия;ПТМ60.12.22-11,0 S800-3а(плиты пустотного настила);../img/plityperecryt-1.jpg
3;Плиты перекрытия;ПТМ60.12.22-12,0 S800-2а L5780 (плиты пустотного настила);../img/plityperecryt-1.jpg
3;Плиты перекрытия;ПТМ60.12.22-12,0 S800-2а(плиты пустотного настила);../img/plityperecryt-1.jpg
3;Плиты перекрытия;ПТМ60.12.22-13,0 S800-3а(плиты пустотного настила);../img/plityperecryt-1.jpg
3;Плиты перекрытия;ПТМ60.12.22-13.0 S800-3а дл.5800(плиты пустотного настила);../img/plityperecryt-1.jpg
3;Плиты перекрытия;ПТМ60.12.22-4,0 S800-2а(плиты пустотного настила);../img/plityperecryt-1.jpg
3;Плиты перекрытия;ПТМ60.12.22-7,0 S800-2а(плиты пустотного настила);../img/plityperecryt-1.jpg
3;Плиты перекрытия;ПТМ60.12.22-7,0 S800-3а(плиты пустотного настила);../img/plityperecryt-1.jpg
3;Плиты перекрытия;ПТМ60.12.22-9,0 S800-2a С25/30 F150 W6(плиты пустотного настила);../img/plityperecryt-1.jpg
3;Плиты перекрытия;ПТМ60.12.22-9,0 S800-2а(плиты пустотного настила);../img/plityperecryt-1.jpg
3;Плиты перекрытия;ПТМ60.12.22-9.0 S800-2а дл.5800(плиты пустотного настила);../img/plityperecryt-1.jpg
3;Плиты перекрытия;ПТМ60.15.22-10,0 S800-2а L5780 (плиты пустотного настила);../img/plityperecryt-1.jpg
3;Плиты перекрытия;ПТМ60.15.22-10,0 S800-2а(плиты пустотного настила);../img/plityperecryt-1.jpg
3;Плиты перекрытия;ПТМ60.15.22-10,0 S800-3а(плиты пустотного настила);../img/plityperecryt-1.jpg
3;Плиты перекрытия;ПТМ60.15.22-10,0 С25/30 F150 W6(плиты пустотного настила);../img/plityperecryt-1.jpg
3;Плиты перекрытия;ПТМ60.15.22-13,0 S800-2а(плиты пустотного настила);../img/plityperecryt-1.jpg
3;Плиты перекрытия;ПТМ60.15.22-13,0 S800-3а(плиты пустотного настила);../img/plityperecryt-1.jpg
3;Плиты перекрытия;ПТМ60.15.22-4,0 S800-2а(плиты пустотного настила);../img/plityperecryt-1.jpg
3;Плиты перекрытия;ПТМ60.15.22-6,0 S800-2а(плиты пустотного настила);../img/plityperecryt-1.jpg
3;Плиты перекрытия;ПТМ60.15.22-7,0 S800-3а(плиты пустотного настила);../img/plityperecryt-1.jpg
3;Плиты перекрытия;ПТМ60.15.22-8,0 S800-2а(плиты пустотного настила);../img/plityperecryt-1.jpg
3;Плиты перекрытия;ПТМ60.15.22-8.0 S800-2а дл.5800(плиты пустотного настила);../img/plityperecryt-1.jpg
3;Плиты перекрытия;ПТМ63.12.22-10,0 S800-2а(плиты пустотного настила);../img/plityperecryt-1.jpg
3;Плиты перекрытия;ПТМ63.12.22-10.0 S800-2а дл.6150(плиты пустотного настила);../img/plityperecryt-1.jpg
3;Плиты перекрытия;ПТМ63.12.22-13,0 S800-2а(плиты пустотного настила);../img/plityperecryt-1.jpg
3;Плиты перекрытия;ПТМ63.12.22-13,0 S800-3а(плиты пустотного настила);../img/plityperecryt-1.jpg
3;Плиты перекрытия;ПТМ63.12.22-6,0 S800-2а(плиты пустотного настила);../img/plityperecryt-1.jpg
3;Плиты перекрытия;ПТМ63.12.22-8,0 S800-2а(плиты пустотного настила);../img/plityperecryt-1.jpg
3;Плиты перекрытия;ПТМ63.12.22-8.0 S800-2а дл.6150(плиты пустотного настила);../img/plityperecryt-1.jpg
3;Плиты перекрытия;ПТМ63.12.22-8.0 S800-2а дл.6280(плиты пустотного настила);../img/plityperecryt-1.jpg
3;Плиты перекрытия;ПТМ63.12.22-9,0 S800-3а(плиты пустотного настила);../img/plityperecryt-1.jpg
3;Плиты перекрытия;ПТМ63.15.22-11,0 S800-2а(плиты пустотного настила);../img/plityperecryt-1.jpg
3;Плиты перекрытия;ПТМ63.15.22-11.0 S800-2а дл.6150(плиты пустотного настила);../img/plityperecryt-1.jpg
3;Плиты перекрытия;ПТМ63.15.22-12,0 S800-3а(плиты пустотного настила);../img/plityperecryt-1.jpg
3;Плиты перекрытия;ПТМ63.15.22-13,0 S800-3а(плиты пустотного настила);../img/plityperecryt-1.jpg
3;Плиты перекрытия;ПТМ63.15.22-5,0 S800-2а(плиты пустотного настила);../img/plityperecryt-1.jpg
3;Плиты перекрытия;ПТМ63.15.22-6,0 S800-3а(плиты пустотного настила);../img/plityperecryt-1.jpg
3;Плиты перекрытия;ПТМ63.15.22-7,0 S800-2а(плиты пустотного настила);../img/plityperecryt-1.jpg
3;Плиты перекрытия;ПТМ63.15.22-9,0 S800-2а(плиты пустотного настила);../img/plityperecryt-1.jpg
3;Плиты перекрытия;ПТМ63.15.22-9,0 S800-3а(плиты пустотного настила);../img/plityperecryt-1.jpg
3;Плиты перекрытия;ПТМ63.15.22-9.0 S800-2а дл.6150(плиты пустотного настила);../img/plityperecryt-1.jpg
3;Плиты перекрытия;ПТМ66.12.22-11.0 S800-2а(плиты пустотного настила);../img/plityperecryt-1.jpg
3;Плиты перекрытия;ПТМ66.12.22-13,0S800-3а(плиты пустотного настила);../img/plityperecryt-1.jpg
3;Плиты перекрытия;ПТМ66.12.22-7,0 S800-2а(плиты пустотного настила);../img/plityperecryt-1.jpg
3;Плиты перекрытия;ПТМ66.12.22-8,0 S800-3а (плиты пустотного настила);../img/plityperecryt-1.jpg
3;Плиты перекрытия;ПТМ66.12.22-9,0 S800-2а(плиты пустотного настила);../img/plityperecryt-1.jpg
3;Плиты перекрытия;ПТМ66.15.22-10,0 S800-2а(плиты пустотного настила);../img/plityperecryt-1.jpg
3;Плиты перекрытия;ПТМ66.15.22-10,0 S800-3а(плиты пустотного настила);../img/plityperecryt-1.jpg
3;Плиты перекрытия;ПТМ66.15.22-12,0 S800-3а(плиты пустотного настила);../img/plityperecryt-1.jpg
3;Плиты перекрытия;ПТМ66.15.22-5,0 S800-3а(плиты пустотного настила);../img/plityperecryt-1.jpg
3;Плиты перекрытия;ПТМ66.15.22-8,0 S800-2а(плиты пустотного настила);../img/plityperecryt-1.jpg
3;Плиты перекрытия;ПТМ66.15.22-8,0 S800-3а(плиты пустотного настила);../img/plityperecryt-1.jpg
3;Плиты перекрытия;ПТМ72.12.22-10,0 S800-3а(плиты пустотного настила);../img/plityperecryt-1.jpg
3;Плиты перекрытия;ПТМ72.12.22-10,0 S800-7а(плиты пустотного настила);../img/plityperecryt-1.jpg
3;Плиты перекрытия;ПТМ72.12.22-12,0 S800-3а(плиты пустотного настила);../img/plityperecryt-1.jpg
3;Плиты перекрытия;ПТМ72.12.22-13,0 S800-7а(плиты пустотного настила);../img/plityperecryt-1.jpg
3;Плиты перекрытия;ПТМ72.12.22-5,0 S800-2а(плиты пустотного настила);../img/plityperecryt-1.jpg
3;Плиты перекрытия;ПТМ72.12.22-6,0 S800-3а(плиты пустотного настила);../img/plityperecryt-1.jpg
3;Плиты перекрытия;ПТМ72.12.22-7,0 S800-2а(плиты пустотного настила);../img/plityperecryt-1.jpg
3;Плиты перекрытия;ПТМ72.12.22-8,0 S800-2а(плиты пустотного настила);../img/plityperecryt-1.jpg
3;Плиты перекрытия;ПТМ72.12.22-8,0 S800-3а(плиты пустотного настила);../img/plityperecryt-1.jpg
3;Плиты перекрытия;ПТМ72.15.22-10,0 S800-3а(плиты пустотного настила);../img/plityperecryt-1.jpg
3;Плиты перекрытия;ПТМ72.15.22-10,0 S800-7а(плиты пустотного настила);../img/plityperecryt-1.jpg
3;Плиты перекрытия;ПТМ72.15.22-11,0 S800-3а(плиты пустотного настила);../img/plityperecryt-1.jpg
3;Плиты перекрытия;ПТМ72.15.22-13,0 S800-7а(плиты пустотного настила);../img/plityperecryt-1.jpg
3;Плиты перекрытия;ПТМ72.15.22-4,0 S800-3а(плиты пустотного настила);../img/plityperecryt-1.jpg
3;Плиты перекрытия;ПТМ72.15.22-5,0 S800-2а(плиты пустотного настила);../img/plityperecryt-1.jpg
3;Плиты перекрытия;ПТМ72.15.22-6,0 S800-2а(плиты пустотного настила);../img/plityperecryt-1.jpg
3;Плиты перекрытия;ПТМ72.15.22-6,0 S800-3а(плиты пустотного настила);../img/plityperecryt-1.jpg
3;Плиты перекрытия;ПТМ72.15.22-8,0 S800-2а(плиты пустотного настила);../img/plityperecryt-1.jpg
3;Плиты перекрытия;ПТМ72.15.22-8,0 S800-3а(плиты пустотного настила);../img/plityperecryt-1.jpg
3;Плиты перекрытия;ПК24.12.8 -1 Остр/плиты пуст./;../img/plityperecryt-1.jpg
3;Плиты перекрытия;ПК24.12.8 -2 (l-2.09) Остр/плиты пуст./;../img/plityperecryt-1.jpg
3;Плиты перекрытия;ПК27.12-8а-1(2п)Юж./плиты пустотные/;../img/plityperecryt-1.jpg
3;Плиты перекрытия;ПК27.12-8А-1/тав//плиты пустотные/;../img/plityperecryt-1.jpg
3;Плиты перекрытия;ПК27.12.8а-1/2П/В*/плиты пустотные/;../img/plityperecryt-1.jpg
3;Плиты перекрытия;ПК30.12.8 -1 Островец/плиты пуст./;../img/plityperecryt-1.jpg
3;Плиты перекрытия;ПК30.12.8-1н Остр./плиты пустотные/;../img/plityperecryt-1.jpg
3;Плиты перекрытия;ПК30.12.8-1т Остр./плиты пустотные/;../img/plityperecryt-1.jpg
3;Плиты перекрытия;ПК30.12.8-2 Остр./плиты пустотные/;../img/plityperecryt-1.jpg
3;Плиты перекрытия;ПК33.12-8-1 Атом /плиты пустотные/;../img/plityperecryt-1.jpg
3;Плиты перекрытия;ПК33.12-8а-1(2п)Юж./плиты пустотные/;../img/plityperecryt-1.jpg
3;Плиты перекрытия;ПК33.12-8А-1/тав//плиты пустотные/;../img/plityperecryt-1.jpg
3;Плиты перекрытия;ПК33.12.8-3 Остр./плиты пустотные/;../img/plityperecryt-1.jpg
3;Плиты перекрытия;ПК33.12.8-3н Остр./плиты пустотные/;../img/plityperecryt-1.jpg
3;Плиты перекрытия;ПК33.12.8-3т Остр./плиты пустотные/;../img/plityperecryt-1.jpg
3;Плиты перекрытия;ПК33.12.8а-1/2П/В*/плиты пустотные/;../img/plityperecryt-1.jpg
3;Плиты перекрытия;ПК33.15.8-1 Остр/плиты пуст./;../img/plityperecryt-1.jpg
3;Плиты перекрытия;ПК33.15.8Та/плиты пуст./;../img/plityperecryt-1.jpg
3;Плиты перекрытия;ПК36.12-8а-1(2п)Юж./плиты пустотные/;../img/plityperecryt-1.jpg
3;Плиты перекрытия;ПК36.12.8 -1л Остр/плиты пуст./;../img/plityperecryt-1.jpg
3;Плиты перекрытия;ПК36.12.8 -1п Остр/плиты пуст./;../img/plityperecryt-1.jpg
3;Плиты перекрытия;ПК56.12-10АтV вып.1/плиты пуст. настила/;../img/plityperecryt-1.jpg
3;Плиты перекрытия;ПК56.12-10АтY-1 вып.1/плиты пуст./;../img/plityperecryt-1.jpg
3;Плиты перекрытия;ПК56.12-14АтY вып.1/плиты пуст./;../img/plityperecryt-1.jpg
3;Плиты перекрытия;ПК56.12-9АтV вып.1/плиты пуст./;../img/plityperecryt-1.jpg
3;Плиты перекрытия;ПК56.12.9АтvТ-1/плиты пустотные/;../img/plityperecryt-1.jpg
3;Плиты перекрытия;ПК56.15-10 АтV-2 вып.1/плиты пустотные/;../img/plityperecryt-1.jpg
3;Плиты перекрытия;ПК56.15-10АтV вып.1/плиты пустотные/;../img/plityperecryt-1.jpg
3;Плиты перекрытия;ПК56.15-13 АтV-1 вып.1/плиты пуст./;../img/plityperecryt-1.jpg
3;Плиты перекрытия;ПК56.15-15АтY вып.1/плиты пуст./;../img/plityperecryt-1.jpg
3;Плиты перекрытия;ПК56.15-6АтY вып.1/плиты пустотные/;../img/plityperecryt-1.jpg
3;Плиты перекрытия;ПК56.15-6АтY-Б вып.1 /плиты пуст. настила/;../img/plityperecryt-1.jpg
3;Плиты перекрытия;ПК56.15-8АтV вып.1/плиты пуст./;../img/plityperecryt-1.jpg
3;Плиты перекрытия;ПК56.15-8АтV-2Б вып.1/плиты/;../img/plityperecryt-1.jpg
3;Плиты перекрытия;ПК56.15-8АтY-2 вып.1 /плиты пуст./;../img/plityperecryt-1.jpg
3;Плиты перекрытия;ПК56.15-8АтY-Б вып.1 /плиты пуст. настила/;../img/plityperecryt-1.jpg
3;Плиты перекрытия;ПК56.15.8АтvТ-2/плиты пустотные/;../img/plityperecryt-1.jpg
3;Плиты перекрытия;ПК60.12-8а-1(2п)Юж./плиты пустотные/;../img/plityperecryt-1.jpg
3;Плиты перекрытия;ПК60.15.10Ат800-1 Остр./плиты пустотные/;../img/plityperecryt-1.jpg
3;Плиты перекрытия;ПК63.12-8-1 Атом /плиты пустотные/;../img/plityperecryt-1.jpg
3;Плиты перекрытия;ПК63.12.8Ат800-3а Остр./плиты пустотные/;../img/plityperecryt-1.jpg
3;Плиты перекрытия;ПК63.12.8Ат800-3н Остр./плиты пустотные/;../img/plityperecryt-1.jpg
3;Плиты перекрытия;ПК63.12.8Ат800-3Остр./плиты пустотные/;../img/plityperecryt-1.jpg
3;Плиты перекрытия;ПК63.12.8Ат800-3т Остр./плиты пустотные/;../img/plityperecryt-1.jpg
3;Плиты перекрытия;ПК72.12-8-1 Атом /плиты пустотные/;../img/plityperecryt-1.jpg
3;Плиты перекрытия;ПК72.12-8Ат800а/плиты пуст./;../img/plityperecryt-1.jpg
3;Плиты перекрытия;ПК72.15-12,5-1(14S800) /плиты пустотные/;../img/plityperecryt-1.jpg
3;Плиты перекрытия;ПК72.15-12,5-1*(14S800) /плиты пустотные/;../img/plityperecryt-1.jpg
3;Плиты перекрытия;ПКР60.15.25-3.4Т*/плиты перекрытий ребристые/;../img/plityperecryt-1.jpg
3;Плиты перекрытия;ПКР60.15.25-3.4Т-Н*/плиты перекрытий ребристые/;../img/plityperecryt-1.jpg
3;Плиты перекрытия;ПКР60.15.25-3.4Т-На /П1*//плиты перекрытий ребристые/;../img/plityperecryt-1.jpg
3;Плиты перекрытия;ПКР60.15.25-3.4Т-На/плиты перекрытий ребристые/;../img/plityperecryt-1.jpg
3;Плиты перекрытия;ПКР60.15.25-3.4Т-Нб /П2/*/плиты перекрытий ребристые/;../img/plityperecryt-1.jpg
3;Плиты перекрытия;ПКР60.15.25-3.4Т-Нб/плиты перекрытий ребристые/;../img/plityperecryt-1.jpg
3;Плиты перекрытия;ПКР60.15.25-3.4Т-П*/плиты перекрытий ребристые/;../img/plityperecryt-1.jpg
3;Плиты перекрытия;ПКР60.15.25-3.4Т-Па /П2/*/плиты перекрытий ребристые/;../img/plityperecryt-1.jpg
